{"columns": ["Symbol", "Open", "High", "Low", "LTP", "Chng", "Volume (lacs)", "52w H", "52w L"], "lambda": {"Open": -0.062087588803004405, "High": -0.06032235636393223, "Low": -0.062186673219025816, "LTP": -0.06117822217532796, "Chng": 1.1025653239955637, "Volume (lacs)": 0.1759567706066347, "52w H": -0.05758159322487576, "52w L": -0.05890705889474543, "Close": -0.0787218665146726}, "symbols": {"ADANIPORTS": 0, "ASIANPAINT": 1, "AXISBANK": 2, "BAJAJ-AUTO": 3, "BAJAJFINSV": 4, "BAJFINANCE": 5, "BHARTIARTL": 6, "BPCL": 7, "BRITANNIA": 8, "CIPLA": 9, "COALINDIA": 10, "DIVISLAB": 11, "DRREDDY": 12, "EICHERMOT": 13, "GRASIM": 14, "HCLTECH": 15, "HDFC": 16, "HDFCBANK": 17, "HDFCLIFE": 18, "HEROMOTOCO": 19, "HINDALCO": 20, "HINDUNILVR": 21, "ICICIBANK": 22, "INDUSINDBK": 23, "INFY": 24, "IOC": 25, "ITC": 26, "JSWSTEEL": 27, "KOTAKBANK": 28, "LT": 29, "M&M": 30, "MARUTI": 31, "NESTLEIND": 32, "NTPC": 33, "ONGC": 34, "POWERGRID": 35, "RELIANCE": 36, "SBILIFE": 37, "SBIN": 38, "SHREECEM": 39, "SUNPHARMA": 40, "TATACONSUM": 41, "TATAMOTORS": 42, "TATASTEEL": 43, "TCS": 44, "TECHM": 45, "TITAN": 46, "ULTRACEMCO": 47, "UPL": 48, "WIPRO": 49}}